Index,Artists
0,"{mafuyu (chibi21)},{{rurudo,gusha s,hiro (dismaless),wlop,yoneyama mai,mikami mika}},[[murata range]],"
1,"naga_u,[tyakomes],henreader,baku-p"
2,"{artist:fagun_yibei},artist:berryverrine,artist:saaal653,artist:mihifu,artist:reddizen,artist:tabi_(tabisumika),artist:naga_u,no_lineart,"
3,"unfinished,artist:naga u, artist:nekotoufu, artist:ilya kuvshinov,"
4,"artist:morino hon,artist:nuu (nu-nyu),{artist:harada takehito},"
5,"{{{{chibi}}}},1 girl,{amaichi esora},zhibuji loom,[artist:WANKE],[artist:ciloranko],[artist:amashiro.natsuki], {artist:rubi-sama}}{{asanagi}},[[toraishi 666]] [[mvv]] {artist:zuizi},{artist:taitai,artist:chen bin},[artist:sho (sho lwlw),chibi,"
6,"artist:luicent, [artist:ningen_mame], artist:sumiyao_(amam), artist:astg,"
7,"[[torino]],{as109},[[artist:asanagi]],{artist:torino auqa},artist:saku_usako_(rabbit),[artist:mochizuki kei],{artist:asanagi},"
8,"artist:kanzakietc, {artist:aono (f i s)},artist:sasa onigiri,{artist:na tarapisu153},year 2022,"
9,"gochisousama (tanin050),[[[[[tsukareta san]]]]],[[[[[[[[[[cutesexyrobutts]]]]]]]]]],"
10,"{{{takemori_shintarou,harada takehito,cool-kyou_shinja}}},kojima_takeshi,{taketora_suzume},[[takeuchi_takashi,lambda_(kusowarota)]],[[[cle_masahiro]]],year_2022,"
11,"[[piyodera mucha]],yamamomo (plank),henreader,eufoniuz,year 2023,"
12,"{artist:eufoniuz},{artist:ogipote},{artist:sy4},[[[artist:sumiyao_(amam)]]],"
13,"{artist:henreader},artist:yapo_(croquis_side),artist:satou_kuuki,[[artist:asanagi]],[[[[artist:sugoihi]]],[artist:shiokonbu],year_2023,"
14,"blue-senpai,[[[[[tsukareta_san]]]]],[[[[[[[[[aikome_(haikome)]]]]]]]]],"
15,"[artist:kurumi (recycllamo)],artist:mika_pikazo,artist:kazutake_hazano,[artist:kedama milk],[artist:ask_(askzy)],artist:wanke,artist:fujiyama,"
16,"{artist:yd,artist:satou kuuki},artist:kedama milk,[[[artist:sho_(sho_lwlw)],artist:ke-ta]],year 2022,"
17,"[artist:kedama milk],artist:ciloranko,artist:ke-ta,artist:Hiten,[artist:ask(askzy],[artist:nekoda],[artist:As109]"
18,"[artist:kedama milk],artist:momoco,artist:ke-ta,artist:chen_bin,artist:mignon,artist:nekoda,[artist:As109],artist:Happoubi_jin,year_2022,"
19,"[artist:kedama milk],artist:modare,{artist:chen_bin},happobi_jin,year_2023,"
20,"{{artist:healthyman,modare,atte7kusa,zurikishi}}, year_2023,"
21,"[artist:modare],artist:ciloranko,[artist:ryota_(ry_o_ta)]],artist:kedama milk,[[artist:nekoda_(maoda)]],wlop,year_2023,"
22,"artist:modare,artist:ask_(askzy),{artist:Morikura_En}, {artist:hiten},artist:Rella,artist:banishment,"
23,"kylin, luicent, duoyuanjun, liduke, wagashi_(dagashiya), healthyman, shimada_fumikane, astg, himura_kiseki, ame_(uten_cancel), mikozin, ask_(askzy), yonchan, modare,"
24,"{artist:Endou Okito},[artist:as109],[artist:ciloranko],[artist:oyariashito],[[artist:cutesexyrobutts]],"
25,"{{artist:pottsness}},[[artist:onineko]][[artist:as109]],"
26,"[[artist:tachikawa_mushimaro]],artist:kyokko,[[[artist:as109]]],[[[artist:Asanagi]]],artist:kedama milk,[[[[artist:ke-ta]]]]"
27,"[artist:kedama milk],artist:momoco,artist:ke-ta,artist:40hara,[artist:As109],artist:Torino,artist:ask(askzy),artist:ciloranko,[artist:sho_(sho_lwlw)],artist:wlop,[artist:Rella],[artist:omone hokoma agm],year 2022,"
28,"artist:40hara,artist:pottsness,[[artist:onineko]],[[artist:as109]],[[[artist:kedama milk]]],"
29,"{amazuyu_tatsuki,shiro9jira},artist:mignon,[[artist:as109]],ciloranko,ask_(askzy),novelace,"
30,"{{shigure_ui,tira_27}},"
31,"{artist:fuzichoco},[[artist:ningen_mame]],artist:ciloranko, artist:yd,artist:noyu_(noyu23386566)"
32,"[artist:ATDAN],[artist:void 0],[[[[[artist:ogata tei]]]]],year 2023,"
33,"{{artist:ATDAN}},[[artist:hong_bai],artist:bigxixi,[artist:allenes]],artist:ask (askzy),[artist:chen_bin],year 2023,"
34,"artist:ATDAN,[artist:ningen_mame],artist:ask (askzy),[artist:hiten_(hitenkei)],[[artist:sy4]],[[artist:alpha_(alpha91)]],[[artist:houraku]],[[[artist:fuzichoco]]],[[artist:sencha_(senchat)]],[[[artist:rei (sanbonzakura)]]],[[artist:chen_bin]],[artist:wlop],[artist:houkisei],year_2023,"
35,"{{artist:ikeuchi_tanuma}},{{{{{mignon,ATDAN}}}}},{{{{{anmi}}}}},{{ogipote}},{{sy4}},{hiten_(hitenkei)},yuno385,[[[[momoko_(momopoco)]]]],[[[ke-ta]]],"
36,"artist:Rella,artist:ATDAN,artist:omone hokoma agm,"
37,"artist:ATDAN,[artist:fuzichoco],artist:mocha_(cotton),[artist:wlop],[artist:hiten_(hitenkei)],[artist:ask (askzy)],artist:arsenixc,year_2023,"
38,"[airtist:atdan],[artist:yoneyama_mai],"
39,"{{toddler}},artist:henreader,artist:ciloranko,[artist:sho_(sho_lwlw)],[[tianliang duohe fangdongye]],"
40,"[artist:kedama milk],mika_pikazo,{reoen,tianliang_duohe_fangdongye},[ask_(aakzy)],[As109],year_2023,"
41,"artist:yushe_quetzalli,artist:ciloranko,"
42,"{{{yoneyama_mai}}},{artist_ciloranko},zhibuji_loom,[[[fuzichoco]]],{{rella,konya_karasue}},{hagimorijia},wlop,"
43,"{toosaka asagi}, asou (asabu202), fuzichoco, ogipote, [[piyodera mucha]], yamamomo (plank), year 2023,"
44,"say_hana,[[lam_(ramdayo)]],[mochizuki_kei],[[cierra_(ra-bit)]],"
45,"say_hana,{sarasadou_dan},[[lam_(ramdayo)]],[mochizuki_kei],[[cierra_(ra-bit)]],"
46,"{artist:shiina kuro},{artist:ningen_mame},"
47,"{{artist:xilmo}}, artist: void_0,artist:ciloranko,artist:rei (sanbonzakura),[[[artist:fkey,artist:shion (mirudakemann)]]], year 2023,"
48,"{john_kafka},{artist:yueko (jiayue wu)},"
49,"dungeon meshi,rurudo,miyuki_(miyuki0529),konbu_wakame,xilmo,wlop,year_2023,"
50,"[artist:kurumi (recycllamo)],[artist:mika_pikazo],[artist:ciloranko],artist:kazutake_hazano,[artist:kedama milk],[artist:hagi (ame hagi)],[artist:ask_(askzy)],artist:wanke,artist:fujiyama"
51,"{{hitomaru}},[menyoujan,chen bin],[[tsubasa tsubasa]],[[[kedama milk,redrop]]],[[[[[aki99]]]]]"
52,"{alphonse_(white_datura)},miv4t,[[tianliang duohe fangdongye]],year_2023,"
53,"artist:alp, {dino (dinoartforame), ciloranko}, [[[[kuroduki (pieat)]]]], [[ask (askzy)]], maeda_hiroyuki,year 2023,"
54,"artist:binggong_asylum,artist:murata_yuusuke,artist:onineko,[artist:As109],[[artist:QYS3]],year_2023,"
55,"{{artist:binggong asylum}},meion, liduke,chen bin,dishwasher1910,"
56,"[[[[artist:binggong asylum]]]],[[artist:onineko]],"
57,"{{artist:yutoka_mizu}},[[artist:suimya]],[[[artist:noco]]],[[[[[[artist:miwano_rag]]]]]],"
58,"artist:rhasta,artist:onineko,artist:potg(piotegu),artist:yuuhagi_(amaretto-no-natsu),artist:bow (bhp),doujinshi doujin,"
59,"artist:tokkyu,artist:chen_bin,artist:ask(askzy),artist:tidsean,artist:kasumi_(skchkko),artist:hiten_(hitenkei),artist:mika_pikazo,"
60,"artist:ogipote,artist:nikorashi-ka,artist:katahira_masashi,artist:murakami_suigun,artist:touzai(poppin phl95),"
61,"{rolua},[artist:waka(wk4444)],[artist:ciloranko],[artist:kedama milk],artist:wanke,artist:mikaze_oto,"
62,"[artist:tachikawa_mushimaro], [[artist:hisakata_souji]],[[[[artist:ke-ta]]]],year_2023,"
63,"achiki,au_(d_elete),[hito_komoru,tianliang_duohe_fangdongye],{toosaka_asagi},year_2023,"
64,"artist:miv4t, [[[artist:quasarcake]]],artist:fajyobore ,[[[[[artist:skyrick9413]]]]],[[ask_(askzy)]],"
65,"{artist:mochizuki_kei},artist:wlop,artist:mikozin,artist:enkyo_yuuichirou,artist:tianliang duohe fangdongye,"
66,"{artist:zunta},ohisashiburi,[[artist:ishikei]],"
67,"{artist:asakuraf},artist:komota_(kanyou_shoujo) ,konya_karasue,{artist:ciloranko,artist:alphonse_(white_datura)},shion_(mirudakemann),year_2023,"
68,"tabi_(tabisumika), yuumei,rella,,konya_karasue,year_2023,"
69,"{toosaka asagi},achiki,{rin yuu},"
70,"{{artist:mashiro_shiki}},[[gusha_s,wanke,yoneyama_mai,silvertsuki,hiro_(dismaless)]],"
71,"{{artist:kawakami_masaki,artist:koh_rd}},"
72,"{{artist:k-suwabe,artist:OKAZU}},[[artist:hiten]],artist:WANKE,[artist:ciloranko],"
73,"shion_(mirudakemann),[hews,sho_(sho_lwlw),ciloranko,alphonse_(white_datura)],"
74,"{artist:iuui,artist:ajishio,artist:marushin},year2023,"
75,"{{nardack,{artist:liduke}}},ask (askzy),"
76,"artist:chyoel,artist:solar,[artist:kuzuvine],[[dino (dinoartforame)]],[[[ciloranko]]],year 2023,"
77,"tsukareta_san,norza,[[takatsuki_ichi]],"
78,"{{artist:mignon},{artist:fuzichoco},artist:yd_(orange_maru),noyu_(noyu23386566)},[[artist:ningen_mame]],artist:ciloranko,"
79,"bbolalus,miyuki_(miyuki0529),[[[kedama milk]]],rin31153336,"
80,"[artist:eip_pepai,[nekojira,[[rucaco, wlop, ciloranko, [[toosaka asagi]]]]]], year 2023,"
81,"{{artist:miyase_mahiro}},[ke-ta],jyt,himitsu_(hi_mi_tsu_2),hiten,"
82,"{{{yumenouchi_chiharu}}},mochizuki_kei,[[[[[[rei_(sanbonzakura)]]]]],"
83,"artist:7010,[artist:reoen],[artist:yoru_nai],{{artist:do_m_kaeru}},[[artist:hizuki_yayoi]],[[artist:azuuru]],{artist:maccha_(mochancc)},{artist:nikaidou_kou},year 2023,"
84,"{{artist:kannko_bokujou}},[artist:suminagashi],{artist:cierra_(ra-bit)},artist:xinzoruo,[[artist:mokufuu]],artist:koruri,{artist:saru},[artist:zuizi],year 2023,"
85,"{{artist:djheycha}},{artist:piromizu},[artist:romi_(346_ura)],{{artist:yuuhagi_(amaretto-no-natsu)}},[artist:minaba_hideo],{{artist:rin_yuu}},[[artist:mazjojo]],artist:icomochi,year 2023,"
86,"{observerz},modare,mikaze oto,[artist:kedama milk],[artist:ask_(askzy)],ciloranko,ponzu(catponz),year 2023"
87,"{{artist:xssh}},{artist:observerz},[artist:kedama milk],[artist:ask_(askzy)],{mikaze oto},[ciloranko],[ponzu(catponz)],year 2023,1girl,"
88,"{{si10ra}},[[gusha_s,wanke,yoneyama_mai,wlop,silvertsuki,hiro_(dismaless)]],1girl"
89,"{{hitomaru}},[menyoujan,chen bin],[[tsubasa tsubasa]],[[[kedama milk,redrop,aki99]]], 1girl"
90,"{{artist:mountain_han}},[[artist:kahlua]],artist:mochizuki_kei,[artist:gin00],year_2023,1girl"
91,"ciloranko, [[[[ame (uten cancel)]]]], [[[[muloli (artist)]]]], year 2023, ,1girl,"
92,"oyari_ashito, higeneko, goma_satoshi, potetos7, azure_(capriccio),1girl"
93,"{konya_karasue},artist:modare artist:Rella, artist:banishment, {stu_dts},{miv4t}, {suzumi_(ccroquette)}, {rei_(sanbonzakura)},{torino aqua}, 1girl"
94,"{artist:Morikura_En}, artist:Rella,[nanaken_nana],u_u_zan, artist:banishment, stu_dts},[miv4t],[[wlop]] {{suzumi_(ccroquette)}},{[rei_(sanbonzakura)]},{[torino aqua]},close-up,1girl"
95,"{{gusha_s,kyokucho}},{kedama_milk,amashiro_natsuki},year_2022,AS109,1girl,"
96,"{{{{hiro_(dismaless),kotobuki_utage}}}},hitomaru,[[Kyokucho,murata_range]],year_2023, 1girl,close-up"
97,"[[[[[artist:shpo]]]]],[[[[[[[[[[artist:cutesexyrobutts]]]]]]]]]],1girl"
98,"[[artist:akakura]], [artist:umishima_senbon], {{artist:kamitoge supino}}, [[artist:gsusart]], artist:joman, artist:kitaku_(nakamachi_machi), [artist:shugao], {artist:mandrill}, year 2023,1girl"
99,"[[artist:kantoku]], [[artist:parsley-f]], [artist:yd_(orange_maru)], {artist:u_u_zan}, artist:komeshiro_kasu, [[artist:maett]], {artist:dsmile}, artist:fuya_(tempupupu), year 2023, 1girl"
100,"[[artist:mo_(kireinamo)]], {{artist:maki keigo}}, [artist:ningen mame], [artist:maeshima_shigeki], {artist:ssambatea}, {artist:ebimomo}, [[artist:miyoshi_yoshimi]], [[artist:azuuru]], year 2023, 1girl"
101,"[[artist:shuri_(84k)]], [[artist:necomi]], {{artist:natsuki_teru}}, artist:kawacy, [artist:risui_(suzu_rks)], [artist:nakano_maru], [artist:dede_(qwea_00000)], [artist:takitarou], year 2023,1girl"
102,"[[artist:shuuko_(s_h_uuko)]], {{artist:mura karuki}}, {{artist:shacho (ko no ha)}}, {{artist:ocha (popopogg)}}, {artist:cutesexyrobutts}, [artist:anmi], {artist:kaorihero}, [artist:echj], year 2023,1girl"
103,"[[artist:signalviolet]], {artist:qi7pi}, {artist:baocaizi}, [[artist:6_(yuchae)]], {artist:tobimura}, artist:misha (ohds101), {artist:op_na_yarou}, {artist:momose (oqo)}, year 2023, 1girl"
104,"[artist:ashima_takumi ], [[artist:ciloranko]], [[artist:wlop]],{artist:misekai_555}, {artist:cierra_(ra-bit)},  year 2023,1girl"
105,"[artist:kita senri], {{artist:terrajin}}, [[artist:13_(spice!!)]], [[artist:tokiwa_midori_(kyokutou_funamushi)]], [[artist:phantom_ix_row]], [artist:tama (tama-s)], artist:tenobe, [[artist:203wolves]], year 2023,1girl"
106,"[artist:matanonki], artist:topia, artist:poprication, {{artist:barbarian tk}}, {artist:nagishiro_mito}, [artist:liduke], artist:toosaka_asagi, {artist:kazepana}, year 2023,1girl"
107,"[artist:nadegata], [artist:k00s], {artist:namie}, [artist:k00s], [[artist:terupancake]], artist:shimhaq, [[artist:tsunako]], [artist:rosuuri], year 2023, 1girl"
108,"[artist:naruse_hirofumi], {{artist:houkisei}}, [[artist:shikimi_(yurakuru)]], {{artist:nekojira}}, [artist:sheya], [artist:quan (kurisu tina)], [[artist:nyum]], {{artist:rkrk}}, year 2023,1girl"
109,"artist:nekojira,artist:pigeon666,artist:ohisashiburi,[artist:agoto,artist:ask(askzy)],"
110,"[artist:popqn], [[artist:hisona_(suaritesumi)]], artist:syhan, artist:ribiadan, [artist:kitaku_(nakamachi_machi)], [[artist:morino hon]], {artist:10mo}, {artist:coyucom}, year 2023,1girl"
111,"[artist:shouu-kun], artist:qosic, [[artist:gearous]], artist:piripun, {{artist:colis}}, {artist:ponytail_korosuke}, [[artist:naruse_hirofumi]], {{artist:hxxg}}, year 2023,1girl"
112,"{{artist:deadnooodles}}, {{artist:atdan}}, [artist:hua_hua_de_meme], [artist:re_ghotion], [artist:mamuru], artist:hori_(hori_no_su), [[artist:kuzuvine]], {artist:sho_(sho_lwlw)}, year 2023,1girl"
113,"{{artist:ebimomo}}, [artist:wata_(attaka_towel)], [[artist:shnva]], [[artist:deadnooodles]], {{artist:saitou_naoki}}, artist:koi_(koisan), artist:idkuroi, {artist:ran'ou_(tamago_no_kimi)}, year 2023,1girl"
114,"{{artist:haru (hiyori-kohal)}}, [[artist:tachibana roku]], [artist:midori foo], {artist:taesi}, [[artist:ayu_(mog)]], artist:milkychu, {artist:ran'ou_(tamago_no_kimi)}, [artist:djheycha], year 2023,1girl"
115,"{{artist:ikeuchi_tanuma}},artist:mamimi{mamamimi},,year 2023,1girl"
116,"{{artist:inudori}}, artist:gya (144), {{artist:wanke}}, [[artist:clear glass (mildmild1311)]], artist:ookuma nekosuke, [[artist:gakky]], [[artist:hajika]], [[artist:deyui]], year 2023,1girl"
117,"{{artist:kisaragi yuu (fallen sky)}}, {artist:ittokyu}, {{artist:ucmm}}, {artist:asatsuki (fgfff)}, [[artist:hanekoto]], {{artist:demizu_posuka}}, [[artist:sasairebun]], [artist:sofra], year 2023,1girl"
118,"{{artist:mappaninatta}},[artist:waterkuma],{{artist:akizero1510}},{artist:kawacy},artist:kujou_karasuma,{artist:ru_zhai},[artist:tetsurou_(fe+)],artist:nardack,year 2023,"
119,"{{artist:miv4t}}, {artist:shnva}, artist:ro g (oowack), [[artist:sogawa]], [[artist:ainy]], {{artist:azuumori}}, [artist:yamakawa], {{artist:myabit}},1girl"
120,"{{artist:miyuki ruria}}, [[artist:ayu_(mog)]], [artist:gomzi], {artist:hisakata_souji}, [artist:nonco], {artist:onono imoko}, {artist:m_k}, {{artist:kawacy}}, year 2023,1girl"
121,"{{artist:rui_(sugar3)}}, [artist:criis-chan], [artist:aochoku], {artist:mamimu (ko cha 22)}, [[artist:kouji_(campus_life)]], artist:shirokitsune, artist:kemachiku, [artist:hagoonha], year 2023, 1girl"
122,"1girl,{artist:echj}, [[artist:haru_(nakajou-28)]], {{artist:shion_(mirudakemann) }}, [[artist:shanyao jiang tororo]], [artist:murata range], [[artist:luke_(dydansgur)]], artist:suisogenshi, {{artist:namori}}, year 2023,"
123,"{artist:fagi_(kakikaki),artist:shimatani_azu,artist:minaba_hideo},[artist:yoshida_akihiko], {{artist:ciloranko}},,[[[artist:pigeon666]]],artist:kawacy,{{artist:maeka_(kumaekake)}}, nardack,year 2023,1girl"
124,"{artist:fagi_(kakikaki),artist:shimatani_azu,artist:minaba_hideo},[artist:yoshida_akihiko], [artist:dadijiji) ],[[[artist:pigeon666]]],artist:kawacy,{{artist:maeka_(kumaekake)}}, nardack,year 2023,1girl"
125,"{artist:fagi_(kakikaki),artist:shimatani_azu,artist:minaba_hideo},[artist:yoshida_akihiko], {{artist:yamakawa},,,artist:kawacy,{{artist:maeka_(kumaekake)}}, nardack,year 2023,1girl"
126,"{artist:fagi_(kakikaki),artist:shimatani_azu,artist:minaba_hideo},[artist:yoshida_akihiko], [artist:sheya],artist:kawacy,{{artist:maeka_(kumaekake)}}, nardack,year 2023,1girl"
127,"{artist:henreader}, artist:reitou_mikan, [artist:yuuka nonoko], artist:appleq, [artist:tsukinami kousuke], {artist:tomozero}, {{artist:menma_(enaic31)}}, [[artist:migolu]], year 2023,1girl"
128,"{artist:hoojiro}, [[artist:turisasu]], [[artist:momiji mao]], [artist:fagi_(kakikaki)], [[artist:aak]], [artist:yukie_(kusaka_shi)], artist:mamyouda, {{artist:miu (miuuu 721)}}, year 2023, 1girl"
129,"{artist:lamb-oic029}, {{artist:kedama_milk}}, [artist:rariatto_(ganguri)], {{artist:mochizuki_kei}}, [artist:norza], artist:keenh, year 2023,1girl"
130,"{artist:mamimi_(mamamimi)}, artist:huwari (dnwls3010), [[artist:m_k]], {artist:mozukuzu_(manukedori)}, {artist:asazuki norito}, [artist:rune_(dualhart)], [[artist:hyde_(tabakko)]], {{artist:kamitoge supino}}, year 2023,1girl"
131,"{artist:miyase_mahiro}, [artist:mendou_kusai], {{artist:mamuru}}, [[artist:hxxg]], artist:reoen, {{artist:nikorashi-ka}}, [[artist:omone_hokoma_agm]], {{artist:ett}}, year 2023,1girl"
132,"{artist:niichi_(komorebi-palette)}, {artist:shichigatsu}, artist:akadako, [[artist:swordsouls]], {artist:sagami jon}, {artist:demizu_posuka}, {artist:sofra}, [[artist:sui (suizilla)]], year 2023, 1girl"
133,"artist:cogecha, {{artist:ciloranko}}, [[[artist:Rella]]], [[ask (askzy)]], mignon, [popqn], artist: kawacy, artist: minaba hideo, artist:fuya (tempupupu), artist:dishwasher1910, year 2023,,1girl"
134,"artist:cogecha, {{artist:ciloranko}}, [[[artist:Rella]]], [[ask (askzy)]], mignon, artist: kawacy,[artist:pigeon666],year 2023,1girl"
135,"artist:dev (dev0614), [artist:onono imoko], [artist:sasairebun], {{artist:waterkuma}}, artist:migolu, [artist:murata_yuusuke], {{artist:yoon_cook}}, {{artist:nanoless}}, year 2023,1girl"
136,"artist:kz oji, artist:daizu_(melon-lemon), {artist:teshima nari}, {artist:yukataro}, artist:honlo, [artist:zuo daoxing], {artist:icomochi}, [[artist:yana mori]], year 2023,1girl"
137,"artist:massakasama, artist:donguri suzume, artist:naga u, artist:shashaki, artist:donguri suzume, artist:ergot, artist:fkey, artist:ohisashiburi, year 2023, 1girl"
138,"artist:nekoya_(liu), {artist:ask_(askzy)}, [artist:6_(yuchae)], {artist:nekoume}, [[artist:kawacy]], {artist:yajuu}, {{artist:rune_(dualhart)}}, [artist:starshadowmagician], year 2023, 1girl"
139,"artist:piromizu, [kaede_(sayappa)],artist_reoen, artist_sencha_(senchat),[dishwasher1910],[[ask_(askzy)]],[[As109]],{artist:damda},1girl"
140,"artist:saiguchi_otoufu, [artist:refeia], {artist:whoosaku}, [artist:nadegata], {artist:hito komoru}, [[artist:anmi]], [[artist:reddizen]], {{artist:necomi}}, year 2023,1girl"
141,"artist:sigm@, [[artist:katsuobushi_(eba_games)]], {artist:amezawa koma}, [artist:uenomigi], {artist:qosic}, {{artist:kim_eb}}, {artist:e.o.}, {artist:ini_(inunabe00)}, year 2023, 1girl"
142,"artist:tunamayo (dsasd751), [[artist:cocozasa]], artist:mr.lime, [artist:ido_(teketeke)], {{artist:jyt}}, [[artist:toosaka_asagi]], {{artist:mochizuki_shiina}}, {artist:kame_(kamepan44231)}, year 2023,1girl"
143,"artist:yunamaro, artist:fuzichoco, artist:nekotoufu, artist:rinotuna, artist:rariatto (ganguri), artist:xinzoruo, artist:hekiga (freelot), artist:fuya (tempupupu), year 2023,1girl,"
144,"kokaki mumose,tianliang duohe fangdongye,risui (suzu rks),mochirong,sora_72-iro,year2023,1girl"
145,"kokaki mumose,tianliang duohe fangdongye,risui (suzu rks),mochirong,sora_72-iro,jill_07km,houkisei,year2023,1girl"
146,"[[tianliang duohe fangdongye]],{{artist:mikozin}},{{{artist:daizu}}},[[[artist:kani-biimu]]],[[matanukinuki]],[kanikama],,1girl,"
147,"[artist:qys3],[artist:sincos],artist:Mika,[artist:As109],,1girl"
148,"[artist:yoneyama_mai],artist:hxxg,1girl"
149,"[modare],{kouyafu},gawako,ciloranko,ogipote,1girl,"
150,"[yumenouchi chiharu],sakura_(39ra),{naga_u,tyakomes},henreader,baku-p,daizu_(melon-lemon),year 2023,1girl"
151,"{{{{{healthyman}}}}}::{{{{iuui}}}},{{atte nanakusa}},{{{wagashi (dagashiya)}}},{{quasarcake}},{{{loliconder}}},{{{{{tianliang duohe fangdongye}}}}}::{{{{meinoss}}}},{{onono imoko}},1girl"
152,"{{artist:minaba_hideo}},[artist:watao],1girl"
153,"{{artist:miyuki_(miyuki0529)}},{{{artist:nekonyan}}},1girl,"
154,"{{artist:miyuki_(miyuki0529)}},{{{artist:x}}},{artist:band-width},[[artist:e10]],1girl"
155,"{{artist:miyuki_(miyuki0529)}},{{artist:tooo}},,1girl"
156,"{{artist:tamanoi peromekuri}},[color scheme:onono imoko],,1girl"
157,"1girl,{{ciloranko,rella}},mx2j,{{{{ask (askzy)}}}},kobuichi,{atdan},{{{torino aqua}}},tinker bell,ningen mame,[[[kedama milk]]],{necomi},anmi,wanke,wasabi (sekai),ru zhai,fujiyama,dsmile,narduck,hiten (hitenkei),modare],[[fuzichoco]],[[[[mignon,kimishima ao]]]],"
158,"{{Ishike}},[Mizumizuni],[[kankan33333]],kedama milk,{muk monsieur},{onono imoko,fkey],,1girl"
159,"{{suitenan,miraa (chikurin)}},isshi pyuma,s16xue,kase_daiki,meion,,1girl"
160,"artist:gomzi,artist:hiten,na_tarapisu153,1girl"
161,"{artist:simao_(x_x36131422)},artist:sorairo_len,artist:toshizou_(0714),artist:icomochi,1girl"
162,"{artist:toshizou_(0714)},[[artist:jyt]],[[artist:misaka_12003-gou]],1girl"
163,"{hitomaru},[sy4,dango (uni 520)],[[nagishiro mito]],[[[[Ishikei]]]],1girl"
164,"{hitomaru},[sy4,dango_(uni_520)],year_2023,,1girl,"
165,"1girl,{Kyokucho},{{hiro_(dismaless),yoneyama_mai,tianliang_duohe_fangdongye}},hitomaru,[onono_imoko],"
166,"{remsrar},[[cogecha]],[lineart],[[[meyoco]]],year_2023,1girl"
167,"artist:yuzuna99,{artist:yokochou},[artist:alp,artist:bai_lao_shu],[[artist:kedama_milk,tianliang duohe fangdongye]],year 2023,,1girl"
168,"artist:nopossumachine,[artist:amonitto],1girl"
169,"[[artist:namie]],artist:aspara,{{artist:tabi_(tabisumika)}},[[[[artist:ao+beni]]]],artist:ayul_(ayulneri_92),{artist:norizc},,[artist:yokochou],{{{artist:rin31153336}}},{{{artist:migolu}}},sho {sho lwlw},year 2023,"
170,"artist:incase,artist:deyui,artist:fkey,artist:kedama_milk,year2023,"
171,"artist:ask(askzy), artist:ciloranko, artist:cui_(jidanhaidaitang), artist:kuzuvine, artist:miv4t, artist:nixeu,"
172,"[[artist:as109,artist:wlop]],artist:WANKE,[artist:ciloranko],[[artist:hiten]],artist:K-SUWABE,{{artist:WANKE}},{{artist:mamimi}}, (dnd,fantasy,medieval),artist:OKAZU,{1girl},solo, cowboy shot,official alternate costume, offcial art"
173,"[[artist:as109]],[artist:onineko],[[[artist:ke-ta]]], [[alpha (alpha91)]],"
174,"[artist:kedama milk],[artist:ask (askzy)],artist:wanke, [artist:ATDAN],artist:ciloranko,[[artist:rhasta]],[artist:tidsean],[artist:ke-ta],{{chiaroscuro}},[artist:as109]],[artist:sho (sho lwlw)]],,artist:wlop,"
175,"{artist:miv4t},{{artist:konya karasue}},artist:rella,[[[artist:quasarcake]]],artist:fajyobore ,[[[[[artist:skyrick9413]]]]],[[ask (askzy)]],"
176,"{{{happoubi jin}}},{{gawako,yoneyama mai}},[[sawkm,chen bin,as109,kase daiki,hitomaru]],"
177,"ru zhai,da mao banlangen,omone hokoma agm,"
178,"[artist:ciloranko],artist:kazutake hazano,[artist:kedama milk],[artist:ask (askzy)],"
179,"[[artist:ATDAN]], [[artist:zhibuji loom]], [artist:mignon], [[[artist:ask]]], [artist:ciloranko],"
180,"{{artist:choco (chocolate shop)}},artist:fuzichoco,artist:minaba hideo,"
181,"{{artist:Fuumi}}, {{artist:Tama}}, {{artist:Shirabi}}, {{{artist:Sayori}}}, {artist:Ichihi},"
182,"[artist:agm], [artist:as109],"
183,"[artist:agm],[artist:miv4t],"
184,"{artist:shoshika8888888},{artist:icomochi},[artist:da_mao_banlangen],artist:kurarome,"
185,"[[artist:as109]],[artist:onineko],[[[artist:ke-ta]]],[[alpha_(alpha91)]],"
186,"[[artist:shanyao_jiang_tororo]],[[artist:haneru]],[[artist:himitsu_(hi_mi_tsu_2)]],[[artist:onineko]], [[artist:as109]],"
187,"[[{artist:onineko},artist:chen_bin]],"
188,"artist:asakai_mocchinu,artist:monikano,artist:hakaba_(dairiseki),"
189,"[[artist:rei(sanbonzakura),artist:mika_pikazo]],artist:shion(mirudakemann),[[artist:cogecha]],artist:ryou(ryoutarou),year_2023,"
190,"[[artist:cogecha]],artist:ryou(ryoutarou),year_2023,"
191,"[[artist:yoneyama_mai]],[[artist:cutesexyrobutts]],[[[[artist:ke-ta]]]],year_2023,"
192,"{{artist:zuizi}},artist:taitai,artist:chen_bin},[tianliang duohe fangdongye],"
193,"{artist:shironekoban},{artist:hidulume},artist:meunhongcha,"
194,"artist:jonylaser,artist:kazuhiro_(tiramisu),"
195,"{{artist:shengtian,artist:nopetroto}},"
196,"[artist:onineko],[artist:ke-ta],[[artist:shanyao_jiang_tororo]],"
197,"{{artist:icomochi}},{artist:namiorii},"
198,"{artist:icomochi},[artist:darklux],"
199,"{{artist:blue_archive official_art }},[[[artist:jyt]]],{{artist:rotroto}},"
200,"[artist:jyt],,artist:namagome_negi,artist:hayana_neru,"
201,"artist:hayana_neru,artist:shimejinameko,"
202,"artist:lam_(ramdayo),artist:mika_pikazo,artist:freng,"
203,"[artist:Quetzalli],[artist:miv4t],"
204,"artist:cierra_(ra-bit),artist:artistask_(askzy),artist:gomzi,artist:you_shimizu,artist:demizu_posuka,artist:asakuraf,"
205,"[artist:yushe_quetzalli],[artist:onineko],[artist:ciloranko],[artist:neco],"
206,"{artist:qys3},artist:hiten,[artist:ciloranko],[[artist:wlop]],"
207,"[artist:neco],[artist:onineko],[artist:hiten],"
208,"[artist:hiten],[artist:mignon],[artist:riri],[artist:weri],[artist:rurudo],"
209,"artist:sciamano240, {artist:pukara},artist:noah_(tettsui-sole),{artist:binggong_asylum},"
210,"{{artist:ke-ta},{artist:onono imoko},artist:OlchaS,artist:ask (askzy)},"
211,"{hiten (hitenkei)},ciloranko,[[liduke]],[[wlop]],toosaka asagi,ke-ta,[[ask (askzy)]],torino,{chen bin},year 2023,"
212,"artist:kidmo,{{artist:agoto}},"
213,"[artist:melon22],{{{artist:kincora}}},artist:yoneyama_mai,[artist:alchemaniac],{{artist:batako,artist:38}},artist:kunaboto,artist:elun_(meido),year 2023,"
214,"[artist:yoneyama mai],[artist:mika pikazo],[[artist:ciloranko]],[artist:sho (sho lwlw)],"
215,"{artist:minaba hideo},artist:ningen_mame,[tianliang_duohe_fangdongye],artist:rokita,[[artist:bee_(deadflow)]],artist:mignon,"
216,"{artist:rei_(sanbonzakura),artist:ciloranko, artist:akizero1510},[artist:as109],artist:lam_(ramdayo),artist:ningen_mame,[artist:ask(askzy)],artist:puuzaki_puuna,[artist:maccha_(mochancc)],[artist:wlop],[artist:henreader],"
217,"[artist:akizero1510],artist:kakure_eria,artist:rei_(sanbonzakura),artist:mochi_(circle_rin),artist:karasu_raven,"
218,"artist:ningen_mame,[artist:kedama milk],[artist:sho (sho lwlw)],[artist:ask_(askzy)],artist:wanke,[[tianliang duohe fangdongye]],[artist:wlop],artist:kousaki ruri,year 2023,"
219,"{artist:kousaki ruri},artist:ningen_mame, artist:fumio_(rsqkr),[artist:sho (sho lwlw)],[artist:ask_(askzy)],artist:wanke,[[tianliang duohe fangdongye]],[artist:wlop],year 2023,"
220,"[artist:kedama milk],[artist:ask_(askzy)],artist:wanke,[artist:wlop],{artist_atdan},artist:kousaki ruri,{artist_haneru},{artist_torino aqua},year 2023,"
221,"[artist:kedama milk],artist:mika_pikazo,artist:ciloranko,artist:akizero1510,artist:kukka,artist:ask(askzy),artist:wlop,[artist:omone hokoma agm],year 2023,"
222,"[artist:ningen_mame],artist:mochizuki_kei,artist:kedama_milk,artist:namie,artist:huanxiang_heitu,artist:liduke,year2023,"
223,"artist:sheya,artist:ask(askzy),artist:hoji(hooooooooji1029),year2023,"
224,"[artist:ningen_mame],artist:chen_bin,artist:omone_hokoma_agm,artist:kinhasu,artist:rella,artist:konya_karasue,artist:fuzichoco,[[[artist:tianliang_duohe_fangdongye]]],artist:wlop,"
225,"artist:ru zhai,[artist:ningen_mame],artist:chen_bin,artist:kinhasu,artist:rella,artist:konya_karasue,artist:fuzichoco,[[[artist:tianliang_duohe_fangdongye]]],"
226,"{artist:kousaki ruri},[artist:kedama milk],[artist:ask (askzy)],artist:wanke,[artist:ATDAN],artist:ciloranko,[[artist:rhasta]],[artist:tidsean],[artist:ke-ta],[artist:as109]],[artist:sho (sho lwlw)]],artist:wlop,year 2023,"
227,"artist:ru zhai,{artist:kousaki ruri},artist:ningen_mame, [[artist:momoko(momopoco)]],{artist:creayus}, artist:kawacy,[[artist:wlop]],year 2023,"
228,"artist:phantom_ix_row,artist:akakura,artist:beni_shake,artist:ningen_mame,[[[artist:tianliang_duohe_fangdongye]]],artist:chen_bin,artist:sy4,"
229,"artist:enkyo_yuuichirou,artist:infukun,artist:toosaka_asagi,artist:kinhasu,[[artist:fuzichoco]],artist:kedama_milk,[[artist:wlop]],"
230,"artist:refeia,artist:toi8,artist:yuuji_(and),[[artist:As109]],artist:ask(askzy),artist:ciloranko,year 2023,"
231,"artist:onineko,[artist:ikeuchi tanuma],artist:ningen_mame,[[artist:As109]],artist:ask(askzy),artist:ciloranko,year 2023,"
232,"artist:ningen_mame,[artist:ciloranko],[[artist:binggong_asylum]],artist:asakuraf,[[artist:shexyo]],[artist:wlop],year 2023,"
233,"{artist:kousaki ruri},artist:ningen_mame,[artist:enkyo_yuuichirou],[artist:phantom_ix_row],artist:ask(askzy),[artist:tianliang_duohe_fangdongye],year 2023,"
234,"artist:phantom_ix_row,artist:wanke,artist:akakura,[artist:wlop],artist:ciloranko,year 2023,"
235,"artist:Jonpei,[artist:sho (sho lwlw)],"
236,"[artist:ciloranko],{{{artist:minaba_hideo}}},{artist:demizu_posuka},{artist:shion(mirudakemann)},{artist:yoshida_akihiko},{artist:ask (askzy)},year 2023,"
237,"artist:kaamin_(mariarose753),artist:milk_panda,"
238,"artist:chen bin,artist:icecake,[artist:qizhu],[artist:onineko],[anmi],artist:kedama_milk,{artist:wlop},artist:tianliang_duohe_fangdongye,artist:ke-ta,rei (sanbonzakura),"
239,"{{artist:quasarcake}},{{{artist:ciloranko}}},year 2023,"
240,"{{{artist:wlop}}},{artist:quasarcake},{artist:ningen_mame},{artist:osakana_(osakanagazoubot)},year 2023,"
241,"{{{wang xi}}}, reeh_(yukuri130),{{artist: wanke}},{{artist: kinta (distortion)}},{{rei_(sanbonzakura)}},[ask (askzy)],[[modare]],year_2023,"
242,"artist:Kidmo, artist:reoen,"
243,"zhibuji loom,{{rei_(sanbonzakura)}},{{artist: kinta (distortion)}},{{{wang xi}}},"
244,"[artist:kedama milk],[artist:ask (askzy)],artist:wanke, artist:wlop,[artist:ATDAN],artist:ciloranko,[[artist:rhasta]],[artist:tidsean],[artist:ke-ta],{{chiaroscuro}},[artist:as109]],[artist:sho (sho lwlw)],"
245,"[artist:ningen_mame], [[artist:ciloranko]], [[artist:binggong asylum]], [[artist:omone hokoma agm]], [[[artist:misaki12003]]], [artist:sho_(sho_lwlw)], [[ask_(askzy)]], [[tianliang duohe fangdongye]], [[artist:rhasta]],"
246,"artist:hougu_souji,artist:yonchan,artist:kitada_mo,[artist:ask(askzy)],[artist:sy4],"
247,"artist:kitada_mo,artist:umezawa_itte,artist:wenquangua,artist:ask(askzy),artist:dokuro_deluxe,"
248,"artist:anmi,artist:shanyao_jiang_tororo,artist:csyday,[artist:ask(askzy)],[[artist:rei_(sanbonzakura)]],year 2023,"
249,"artist:mimoza_(96mimo414),artist:rei_(sanbonzakura),artist:mochi_(circle_rin),[artist:rhasta,artist:yonchan,artist:watao],[artist:minaba_hideo],"
250,"artist:bacius,artist:fishine,artist:nonco,artist:zhibuji_loom,artist:ask(askzy),artist:ireading,artist:karasu_raven,"
251,"artist:shirable_shiki,artist:bacius,artist:sy4,artist:fishine,artist:pigeon666,artist:nonco,artist:zhibuji_loom,artist:ask(askzy),artist:ireading,artist:karasu_raven,"
252,"artist:maiqo,artist:ask(askzy),artist:beijuu,artist:simao_(x_x36131422),artist:yoneyama_mai,artist:jacknife,"
253,"artist:bukurote,artist:you_guo_chaocai,artist:yumenouchi_chiharu,"
254,"artist:douya_(233),artist:akizero1510,[artist:lam_(ramdayo)],artist:fishine,[artist:ask(askzy)],artist:puuzaki_puuna,artist:karasu_raven,[artist:maccha_(mochancc)],[artist:henreader],"
255,"artist:fenrir_(fenriluuu),artist:ask(askzy),[artist:beijuu],artist:tianliang_duohe_fangdongye,artist:simao_(x_x36131422),[artist:yoneyama_mai],artist:kedama_milk,"
256,"artist:minaba_hideo,artist:rei_(sanbonzakura),artist:mika_pikazo,[artist:alchemaniac],[[artist:yoneyama_mai]],"
257,"artist:timbougami,artist:gorgeous_mushroom,artist:kawacy,artist:songjikyo,"
258,"artist:akizero1510,artist:ireading,[artist:alchemaniac],[[[artist:wlop]]],[artist:yaegashi_nan],artist:aka_kan,"
259,"artist:dm_(dai_miao),artist:songjikyo,[[artist:shisantian]],artist:yamakawa,[artist:kedama_milk],artist:ttosom,"
260,"artist:rororogi_mogera,[artist:KuroBlood,artist:bukurote],artist:timbougami,[[artist:tianliang_duohe_fangdongye]],[artist:ideolo],"
261,"artist:nababa,[artist:KuroBlood,artist:sencha_(senchat)],artist:timbougami,[[artist:maccha_(mochancc)]],[artist:alchemaniac],"
262,"{{artist:butterchalk,artist:pumpkinspicelatte,artist:modare,artist:bee_(deadflow)}},"
263,"artist:ruton-niki,[artist:yoneyama_mai],artist:hxxg,"
264,"{{artist:deyui,artist:mikozin}},[artist:jyt],artist:40hara,[[artist:gusha_s]],{{artist:chen_bin}},year 2023,"
265,"kaede_(sayappa),[[wlop]],[[[kase daiki]]],jima,[sheya],[[ciloranko]],[[[toosaka asagi]]],[[[tianliang duohe fangdongye]]],henreader,year_2023,"
266,"akino ell,[memekko],[paraffin],mankai kaika,{miwabe sakura},[miyase mahiro],[[ebihara beniko]],year 2023,"
267,"[artist:tidsean],gomzi ,fajyobore,[wlop, reoen],[[tianliang duohe fangdongye]],[[rhasta]],year_2023,"
268,"[artist:ningen_mame],artist:ciloranko,[artist:sho_(sho_lwlw)],[[artist:as109]], wlop,"
269,"[[artist:wlop]],artist:WANKE,[artist:ciloranko],"
270,"{amazuyu_tatsuki,shiro9jira},ciloranko,ask_(askzy),novelace,{wlop, reoen},{alphonse_(white_datura)},miv4t,[[tianliang duohe fangdongye]],year_2023,"
271,"[artist:kedama milk],artist:mika_pikazo,{wlop, reoen},happoubi_jin,[[artist:As109]],year_2023,"
272,"[artist:kedama milk],{wlop, reoen},[[artist:As109]],"
273,"[artist:kedama milk],artist:mika_pikazo,{wlop, reoen},"
274,"[artist:kedama milk],artist:mika_pikazo,{wlop, reoen},happobi_jin,[[artist:As109]],year_2023,"
275,"artist:wlop,artist:aki99,[[{{artist:mochizuki_kei}}, [[[artist:as109]]], {{artist:asakuraf}},artist:shion(mirudakemann)]],"
276,"hyperrealistic,artist:ask (askzy),[[[artist:wlop]]],"
277,"{{{{hyperrealistic}}}},artist:asciamano240,[[[artist:wlop]]],"
278,"{{{artist:gomzi}}},[[[[artist:wlop]]]],1girl,"
279,"artist:wlop,[[dino (dinoartforame)]],[[[as109]]],ciloranko,1girl"
280,"agm,houkisei,wlop,"
281,"[artist:ZED],[artist:wlop],[artist:AGM],[artist:onineko],"
282,"{{artist:carbon12th}},{artist:ayagi_daifuku},{artist:alphonse_(white_datura)},artist:wlop,"
283,"{artist:ribiadan},[artist:ciloranko],artist:mikaze_oto,[artist:wlop],"
284,"[artist:wlop],artist:ciloranko, [[artist:usashiro_mani]], [[[[artist:as109]]]],"
285,"[[{{artist:mochizuki_kei}},[[[artist:as109,artist:wlop]]],{{artist:asakuraf}},artist:shion(mirudakemann)]],"
286,"[artist:kedama milk],[artist:mika_pikazo],[artist:wlop],artist:ke-ta,[artist:As109],phtharticpaul,year 2022,"
287,"{wlop, reoen},[artist:kedama milk], artist:momoco, artist:ke-ta, artist:40hara, [artist:As109], artist:Torino,artist:ask(askzy),artist:ciloranko,[artist:sho_(sho_lwlw)],artist:wlop,[artist:Rella],[artist:omone hokoma agm],"
288,"[artist:kedama milk],[artist:wlop],artist:ke-ta,[artist:ciloranko], [artist:As109],year_2023,"
289,"artist:ask(askzy),[[artist:wlop],artist:ciloranko],artist:As109,"
290,"[artist:40hara,artist:kedama milk],artist:mika_pikazo,{wlop, reoen},happoubi_jin,"
291,"[artist:ningenmame],artist:ciloranko,[[[wlop]]],[[artist:rhasta]],[artist:As109]"
292,"[artist:wlop],[[artist:as109]],artist:Ito Junji,"
293,"[[artist:as109, artist:wlop]], artist:WANKE,artist:ke-ta,artist:akakura,artist:Mika, [artist:ciloranko], [[artist:hiten]],"
294,"{atsuage_(kakinop)},artist:mika_pikazo,{wlop, reoen,tianliang_duohe_fangdongye},[ask_(askzy)],[kantoku],year_2023,"
295,"artist:mikaze_oto,[artist:kedama milk],[artist:ask_(askzy)],artist:wanke,artist:wlop,"
296,"{artist:96},[tsujii ruki,sukja,takejun,kawacy,piromizu,rinotuna,zantyarz],wlop,"
297,"artist:chen_bin,artist:wlop,[artist:kedama milk],artist:momoco,artist:ke-ta,artist:40hara,[artist:As109],artist:Torino,artist:ask(askzy),artist:ciloranko,[artist:sho_(sho_lwlw)],[artist:Rella],[artist:omone hokoma agm],"
298,"{{artist: yoneyama_mai}}, {artist: ciloranko}, [artist:dino_(dinoartforame)], {artist:saitou_natsuki}, artist:ayul_(ayulneri_92), [wlop], artist:fujiyama, year_2023,"
299,"artist:wan_ke,[artist:ciloranko],[artist:hiten],[[artist:modare]],[[artist:wlop]],"
300,"[[artist:wlop]],artist:WANKE,[artist:ciloranko],[artist:hiten],"
301,"[artist:mika_pikazo],[artist:ciloranko],artist:kazutake_hazano,[artist:kedama milk],[artist:ask_(askzy)],artist:wanke,artist:wlop,artist:fujiyama,year 2023,"
302,"[artist:ciloranko], artist:kazutake_hazano, artist:kedama milk,[artist:ask_(askzy)], artist:wanke, artist:wlop, artist:fujiyama, artisit:yuyu_(yuyuworks),artist:hiten_(hitenkei),atrisit:dishwasher1910,"
303,"artist:kazutake_hazano,[artist:ciloranko],[artist:kedama milk],[artist:ask_(askzy)],artist:wanke,artist:wlop,artist:fujiyama,year 2022,"
304,"[artist:kedama milk],mika_pikazo,{wlop,reoen,tianliang_duohe_fangdongye},[ask_(askzy)],[[As109]],year_2023,"
305,"[artist:kedama milk],artist:mika_pikazo,{wlop, reoen,tianliang_duohe_fangdongye},[ask_(askzy)],[[artist:kantoku]],year_2023,"
306,"artist:Cogecha,[artist:ningen_mame],{artist:wlop},[artist:sho_(sho_lwlw)],"
307,"[artist:ashima_takumi], [[artist:ciloranko]], [[artist:wlop]],[[artist:porforever]], {artist:cierra_(ra-bit)}, year 2023,1girl"
308,"{{artist:mafuyu}},{{{artist:mochi}}},[[[artist:wlop]]],1girl"
309,"{{mogumo,u_u_zan,ciloranko,miv4t,wlop}},[[fuzichoco]],{{rella}},1girl"
310,"kase daiki,{artist:shuz},[wlop],1girl"
311,"[artist:kedama milk],[artist:ask (askzy)],artist:wanke, artist:wlop,[artist:ATDAN],artist:ciloranko,[[artist:rhasta]],[artist:tidsean],[artist:ke-ta],{{chiaroscuro}},[artist:as109]],[artist:sho (sho lwlw)],"
312,"[artist:ningen_mame],artist:ciloranko,[artist:sho_(sho_lwlw)],[[tianliang duohe fangdongye]],[[artist:rhasta]]"
313,"[artist:ningen_mame],artist:ciloranko,[artist:sho_(sho_lwlw)],[[tianliang duohe fangdongye]],[artist:rhasta],year 2023,"
314,"[artist:ningenmame],artist:ciloranko,[artist:sho(sho_lwlw)],"
315,"artist:ciloranko,[artist:sho_(sho_lwlw)],[[tianliang duohe fangdongye]],[[artist:rhasta]],"
316,"[artist:ningen_mame],artist:ciloranko,[artist:sho_(sho_lwlw)],[artist:saintshiro],[[artist:rhasta]],"
317,"[[artist:ciloranko]],[artist:rhasta],artist:tidsean, [artist:ke-ta],{{chiaroscuro}},[artist:sho_(sho_lwlw)]],{artist:ningen_mame},"
318,"{{toosaka asagi}},[[ningen mame],ciloranko,[sho (sho lwlw)],[[tianliang duohe fangdongye]],[rhasta]],"
319,"[artist:ningen_mame],artist:ciloranko,[artist:sho_(sho_lwlw)],[[tianliang duohe fangdongye]], [eip (pepai)], [rukako], [[[memmo]]], [[[[[hoshi (snacherubi)]]]]] ,[[[[[nibiiro shizuka]]]]], year 2023,"
320,"ningen_mame,ciloranko,[fuzichoco],[artist:sho_(sho_lwlw)],[tianliang duohe fangdongye],artist:as109,"
321,"[[artist:ningen_mame]],artist:ciloranko,noyu_(noyu23386566),"
322,"artist:ratatatat74,{{artist:ciloranko}},[[[artist:Rella]]],[[ask(askzy)]],[[artist:harogen pabirion]],"
323,"[[hiten]],[artist:chen_bin],[artist:ningen_mame],[artist:sho_(sho_lwlw)],[[[tianliang duohe fangdongye]]],"
324,"ningen_mame,mika_pikazo,{reoen,tianliang_duohe_fangdongye},[ask_(askzy)],[kantoku],"
325,"artist:miyuki_(miyuki0529),artist:potg,rei_(sanbonzakura),artist:cierra_(ra-bit),artist:ask_(askzy),artist:gomzi,artist:you_shimizu,[artist:ningen_mame],artist:ciloranko,year 2022,"
326,"{{artist:kuzuvine}},[[[ciloranko]]],[[dino (dinoartforame)]],year 2023,"
327,"[ningen_mame,ciloranko,sho_(sho_lwlw),tianliang duohe fangdongye,alphonse_(white_datura),rei_(sanbonzakura)],"
328,"[[ningen mame]],ciloranko,noyu (noyu23386566),artist:morikura_en,"
329,"[artist:ningen_mame],[artist:ATDAN],artist:ciloranko,[[artist:rhasta]],artist:tidsean, [,[artist:ke-ta],artist:ciloranko,{{chiaroscuro}},[artist:sho_(sho_lwlw)]],"
330,"[artist:ningen_mame],artist:ciloranko,tianliang duohe fangdongye,atdan,"
331,"[artist:ATDAN],artist:ciloranko,[artist:tidsean],[artist:ke-ta],{{chiaroscuro}},[artist:as109]],[artist:sho_(sho_lwlw)]],"
332,"[artist:ningenmame],artist:ciloranko,[artist:sho(sho_lwlw)],[[tianliang duohe fangdongye]],[[artist:rhasta]],[artist:As109],"
333,"artist:ciloranko,artist:tianliang duohe fangdongye,[[artist:modare]],[artist:sho_(sho_lwlw)],"
334,"modare,ningen_mame,[kedama_milk],[mika_pikazo],{shiroshi_(denpa_eshidan),wlop,tianliang_duohe_fangdongye},[ask_(askzy)],[kantoku],year_2023,"
335,"[artist_sho (sho lwlw)],artist_ciloranko,{{artist:pottsness}},[[artist:onineko]],[[artist:as109]],1girl"
336,"{artist:akakura}, {artist:kawacy}, {artist:ask(askzy)}, {artist:onineko},{artist:ciloranko},1girl"
337,"artist:ciloranko,artist:alphonse_(white_datura),artist:ask_(askzy),artist:gomzi,artist:you_shimizu,year_2023,,1girl"
338,"artist:kedama milk,rucaco,kanda_done,[[artist:chen_bin]],[[[[mignon]]]],[ningen mame],[[[[anmi]]]],1girl"
339,"{{{shacho_(ko_no_ha) }}},[[tianliang duohe fangdouye]],1girl"
340,"[[tianliang duohe fangdongye]],[artist:ningen mame],[[[artist:mignon]]],artist:a chiki,"
341,"artist:rokita,[[artist:xinzoruo,artist:eta,artist:naga_u]],artist:ciloranko,artist:ningen_mame,[[as109]],"
342,"{{artist:ciloranko, artist:akizero1510}},[artist:ask(askzy)],artist:kedama_milk,artist:parsley-f,[artist:maccha_(mochancc)],[artist:tianliang_duohe_fangdongye],[artist:bee_(deadflow)],{artist:chen_bin},[artist:wlop],{{artist:henreader}},"
343,"{artist:rella}, {artist:ask(askzy)}, {artist:ningen_mame},{artist:ciloranko}, {artist:rei(sanbonzakura)},"
344,"{{{artist:ask(askzy),artist:sy4,artist:ciloranko, artist:akizero1510}}},"
345,"{{artist:chen_bin},artist:haneru},artist:observerz,[artist:wlop,artist:nekojira],artist:ciloranko,[artist:sho_(sho_lwlw)],[[artist:noyu_(noyu23386566)],year 2023,"
346,"[artist:ningen_mame],artist:ciloranko,wlop,"
347,"[artist:wlop],artist:ciloranko,year 2023,"
348,"{amazuyu_tatsuki,shiro9jira},ciloranko,ask {askzy},{wlop},[[tianliang duohe fangdongye]],year 2023,"
349,"{akakura},kedama milk,ciloranko,[wlop],[[[onono imoko]]],"
350,"artist:ningen_mame,rhasta,artist:ask_(askzy),[artist:wlop],artist:ciloranko,"
351,"[artist:wlop],artist:ciloranko,artist:ask(askzy),artist:bison cangshu,{artist:yunsang},[artist:ningenmame],[artist:sho(sho_lwlw)],[artist:rhasta],year 2023,"
352,"artist:shiratama_(shiratamaco),[artist:ningen mame],[[tianliang_duohe_fangdongye]],[artist:shuz],[wlop],kase_daiki,"
353,"{{{observerz}}} ,wanke, mikaze oto,ciloranko,[artist:sho_(sho_lwlw)],wlop,year 2023,"
354,"{atsuage_(kakinop)} artist:mika_pikazo,{wlop, reoen,tianliang_duohe_fangdongye},[ask_(askzy)],[kantoku],year_2023,1girl"
355,"[[[artist:wlop]]],[artist:mochizuki_kei],artist:ciloranko,artist:shanyao_jiang_tororo,1girl"
356,"[[[artist:ningen mame]]], artist:miyase mahiro, artist:chen bin, [[[artist:sho (sho lwlw)]]], [[[[artist:ogipote]]]], [[[artist:ciloranko]]], [artist:cogecha], [artist:wlop], year 2023, 1girl"
357,"artist:hxxg,{pigeon666},[ciloranko,wlop],[artist:ask_(askzy)],{artist:redi_(rasec_asdjh)},artist:wanke,,1girl"
358,"kaede_(sayappa),[[wlop]],[[[kase daiki]]],jima,[sheya],[[ciloranko]],[[[toosaka asagi]]],[[[tianliang duohe fangdongye]]],henreader,1girl"
359,"artist:kedama milk,{{{artist: akarura}}},[artist:wlop],[artist:ask (askzy)],artist:wanke ,artist:ciloranko,"
360,"{artist:kousaki ruri},[artist:wlop],artist:ciloranko,year 2023,"
361,"shuri_(84k),ATDAN,artist:chen bin,,[ningen_mame],,[[wlop]],{sarcophage,tsubasa tsubasa,},,modare,hiten_(hitenkei)"
362,"[[artist:wlop]],[artist:ningen mame],[artist:bilibili xiaolu],artist:ciloranko,[[artist:tianliang duohe fangdongye]],[artist:hiten {hitenkei}],[[[artist:bm_tol]]],year 2023,"
363,"artist:wlop, artist:40hara, [artist:As109], artist:Torino,artist:ask(askzy),artist:ciloranko,[artist:sho_(sho_lwlw)],"
364,"[[artist:kedama_milk],artist:ishiyumi,[artist:tianliang_duohe_fangdongye],artist:poco(asahi age),artist:mochizuki_kei],"
365,"{{artist:ogipote,artist:bm_tol}},[[artist:yoneyama_mai,artist:ciloranko,artist:blue-senpai,artist:aikome_(haikome)]],"
366,"[[artist:ttosom]],[artist:shisantian],artist:zuizi,[dino_(dinoartforame),[fajyobore]],kaneko_(bblogtinhan),xiujia yihuizi,"
367,"[eip (pepai)],[rukako],[[[memmo]]],[[[[[hoshi (snacherubi)]]]]],[[[[[nibiiro shizuka]]]]],year 2023,"
368,"[artist:rei (sanbonzakura)],artist:sho_(sho_lwlw)],"
369,"tianliang_duohe_fangdongye,[[[tyakomes,artist:shinapuu]]],"
370,"{artist:rurudo,artist:cogecha,ask (askzy)},year 2022,"
371,"{artist:rosumerii},[artist:ciloranko],[[ask (askzy)]],"
372,"{shigure_ui},[mika_pikazo,fuzichoco,tianliang_duohe_fangdongye,modare,ningen_mame],year_2023,"
373,"{{artist:kishiyo}},[[ciloranko]],"
374,"artist:hiten,artist:ao+beni,[artist:marumoru],artist:ciloranko,"
375,"{sakura_(39ra)},[[tyakomes],henreader,baku-p,artist:daizu (melon-lemon),naga u,year 2023],"
376,"[[piyodera mucha]],henreader,eufoniuz,year 2023,"
377,"artist:kazutake_hazano,artist:ningen_mame,[artist:kedama_milk],[[artist:wlop]],[[artist:As109]],[[artist:mika_pikazo]],"
378,"{artist:tokkyu,artist:beni_shake},[artist:ciloranko,artist:gweda,artist:mignon,artist:binggong_asylum,artist:happoubi_jin],"
379,"artist:kukka,artist:ryou(ryoutarou),{{artist:kyockcho,artist:alphonse(white_datura),artist:miyase_mahiro,artist:milk_panda}},artist:ask(askzy),"
380,"artist:mamimi(mamamimi),blade_(galaxist),{{artist:fuzichoco,artist:butterchalk,artist:yoshinari_you,artist:mika_pikazo}},"
381,"{{artist:yago8 pp3,artist:rella}},artist:ciloranko,artist:sheya,artist:ishiyumi,artist:fkey,artist:tokkyu,artist:infukun,"
382,"{artist:alphonse(white_datura),artist:ningen_mame,artist:xinzoruo,artist:anmi,artist:demizu_posuka},[artist:ikeuchi_tanuma],"
383,"{artist:amazuyu_tatsuki,artist:hoji(hooooooooji1029),artist:ishiyumi},"
384,"{artist:tidsean,artist:kantoku,artist:poco(asahi age),artist:yago8 pp3,artist:ningen_mame},"
385,"{artist:musashi(detks),artist:tomose_shunsaku,artist:momoko(momopoco),artist:ishiyumi},"
386,"{artist:hoji(hooooooooji1029),artist:kedama_milk,artist:akizero1510,artist:kinhasu,artist:hisona_(suaritesumi)},"
387,"{artist:yuuji_(and),artist:namie,artist:shion(mirudakemann),artist:nanase_nao,artist:as109,artist:yuuhagi_(amaretto-no-natsu)},"
388,"{artist:ishikei,artist:ryou(ryoutarou),artist:yuuhagi_(amaretto-no-natsu),artist:refeia,artist:cierra(ra-bit)},"
389,"{artist:miyase_mahiro,artist:creayus,artist:binggong_asylum,artist:demizu_posuka,artist:namie,artist:cui_(jidanhaidaitang)},"
390,"{artist:mandrill,artist:miv4t,rebecca_(keinelove),artist:missile228,artist:akakura},"
391,"{{{{nababa}}}},{onono imoko}, artist:mika_pikazo,fkey, {{{torino}}}, {{{{{artist:suzumi_(ccroquette)}}}}}}, wlop, {{{{ask_(askzy)}}}}, [[as109]], {{{{rei_(sanbonzakura)}}}}, {mignon}, {{{jonpei}}}, [{reoen}},, modare,{{chiaroscuro}}, year 2023"
392,"{artist:kaamin_(mariarose753),artist:sy4,artist:meito_(maze),artist:cierra(ra-bit),artist:shexyo},"
393,"{[[artist:sho_(sho_lwlw),artist:as109]],artist:nanase_nao,artist:hisona_(suaritesumi),artist:qtonagi,artist:katahira_masashi,{{artist:chen_bin}}},"
394,"{artist:nixeu,artist:momoko(momopoco),artist:yoshinari_you,artist:itomugi-kun,artist:fujima_takuya},"
395,"{artist:kaamin_(mariarose753),artist:sy4,artist:meito_(maze),artist:cierra(ra-bit),artist:shexyo,artist:toi8},"
396,"artist:null_(nyanpyoun),artist:yuuji_(and),artist:meion,artist:kani_biimu,artist:mamimi(mamamimi),artist:hiten_(hitenkei),"
397,"{{artist:cui_(jidanhaidaitang),artist:katahira_masashi,artist:tidsean,artist:mika_pikazo}},"
398,"artist:tokkyu,artist:fujima_takuya,artist:ningen_mame,artist:hews,artist:ikeuchi_tanuma,"
399,"artist:momoko(momopoco),artist:modare,artist:yoneyama_mai,artist:nixeu,artist:ask(askzy),"
400,"{{artist:onineko,artist:amazuyu_tatsuki,rebecca_(keinelove),artist:namie,artist:kaigen_1025}},"
401,"artist:ebifurya,artist:fumio_(rsqkr),artist:kani_biimu,artist:sy4,"
402,"artist:nanashi_(nlo),artist:ask(askzy),artist:yuuji_(and),artist:phantom_ix_row,artist:lm7(op-center),artist:mamimi (mamamimi),"
403,"artist:miv4t,artist:you_shimizu,artist:infukun,artist:toi8,artist:ningen_mame,artist:sheya,artist:wlop,"
404,"artist:milkychu,artist:hoji(hooooooooji1029),artist:yoshinari_you,artist:mika_pikazo,artist:wlop,"
405,"artist:kaamin_(mariarose753),artist:milk_panda,artist:ask(askzy),artist:ikeuchi_tanuma,artist:kukka,"
406,"artist:piromizu,artist:kuromiya,artist:sho_(sho_lwlw),artist:infukun,"
407,"artist:fkey,artist:cutesexyrobutts,artist:milk_panda,artist:mamimi(mamamimi),artist:namie,artist:milkychu,artist:tokkyu,"
408,"artist:beni_shake,artist:kukka,artist:alphonse(white_datura),artist:infukun,artist:mika_pikazo,"
409,"artist:hyouuma,artist:wanke,artist:nikorashi-ka,artist:sofra,artist:you_shimizu,"
410,"artist:kukka,artist:avogado6,artist:hews,artist:kawacy,artist:sheya,artist:xinzoruo,artist:hyouuma,"
411,"artist:reoen,artist:yago8 pp3,artist:amazuyu_tatsuki,artist:phantom_ix_row,artist:mika_pikazo,"
412,"artist:as109,artist:qtonagi,artist:potg(piotegu),artist:tony_taka,artist:null_(nyanpyoun),artist:itomugi-kun,"
413,"{{artist:shion(mirudakemann)}},[[artist:misaka_12003-gou,artist:cogecha,artist:anmi,artist:huanxiang_heitu,artist:fkey]],"
414,"artist:fuzichoco,artist:amazuyu_tatsuki,artist:misaka_12003-gou,artist:kaamin_(mariarose753),artist:as109,artist:fkey,"
415,"[[artist:nanmokaken,artist:butterchalk]],{{artist:yoneyama_mai,artist:miyo_(ranthath),artist:yoshinari_you,artist:potg(piotegu)}},"
416,"artist:huanxiang_heitu,artist:tiv,artist:sofra,artist:nanashi_(nlo),artist:hisona_(suaritesumi),"
417,"artist:tabi_(tabisumika),[[[[artist:ao+beni]]]],artist:ayul_(ayulneri_92),[artist:yokochou],{artist:rin31153336},{artist:migolu},"
418,"artist:kousaki_rui,[[artist:daifuku_mame_(kageroudt33)]],artist:chyoel,[[artist:lpip]],koe_(mixpi),[artist:atdan],artist:kaninn,year_2023,"
419,"Yuzusoft,Senren Banka,"
420,"render,c4d,photo-referenced,{{{{nendoroid}}}},Handmade,3d,"
421,"minimalism,{{no lineart}},{{{faceless}}},simple_background,blending,flat color,limited palette,"
422,"{pixel art,Aaron Hain},"
423,"{{{pixel_art}}},{{neon palette}},"
424,"{{{{pixel art}}}},[artist:ashima_takumi],[[artist:ciloranko]], [[artist:wlop]], artist:cierra_(ra-bit),[artist:noyu_(noyu23386566)],"
425,"{{ff_gradient}},{{limited_palette}},high_contrast,inverted_colors,colorful,{Stunning composition},"
426,"portrait,lineart,monochrome,black and white,"
427,"greyscale,monochrome,silent comic,linear hatching,"
428,"{{{pixel art}}}, carpet, chair,indoors, {{{{isometric}}}}, light rays,plant,white background,"
429,"{{{{{{lineart}}}}}}, nocolor,"
430,"graphite (medium), {{monochrome}, }, paper, art tools in frame, pencil, traditional media,"
431,"{{Multiple view}},artist:wlop,[artist:mochizuki kei],"
432,"{{quan (kurisu tina)}},{portrait},upper body,close-up,year 2023,"
433,"[[kamisato ayaka (genshin) cosplay]],no humans,[artist:kedama milk],{wlop, reoen},[[artist:As109]], {{white cat}}, hair ornament, furry, shy, nude, [[chibi]]"
